supplier_id,supplier_name,contact_email,reliability_score
1,"Richards, Guzman and Russell",shannon24@macdonald.com,68.72700594236812
2,"Williams, Reed and Harrison",bharris@doyle-young.com,97.53571532049581
3,Garcia and Sons,robertkent@harris.com,86.59969709057026
4,Frye-Gomez,padilladale@gillespie.info,79.93292420985183
5,"Kennedy, Camacho and Reynolds",jennifer97@crawford.com,57.80093202212183
6,"Cochran, White and Smith",barajasholly@glass.com,57.79972601681013
7,"Snyder, Stevens and Armstrong",piercejay@macdonald-stevens.com,52.90418060840997
8,"Hurley, Nichols and Finley",harrisondouglas@bailey.com,93.30880728874675
9,Crawford Ltd,bonniereed@allison-russell.com,80.05575058716045
10,"Drake, Carroll and Guerra",codyrogers@jones.com,85.40362888980228
11,Rich-Mendoza,kelly25@davis.com,51.029224714790125
12,Lewis-Cruz,mperez@owens.biz,98.49549260809971
13,Shepherd and Sons,smithmelissa@cochran.com,91.62213204002109
14,"Martin, Ward and Donaldson",brett14@moore.com,60.61695553391381
15,Williams LLC,jamie50@carpenter.com,59.09124836035503
16,Fletcher and Sons,brian60@miller-hahn.biz,59.17022549267169
17,"Duarte, Rios and Lowe",zbenitez@khan.net,65.21211214797688
18,"Pope, Coleman and Lopez",jasonrandall@miller.com,76.2378215816119
19,Walker PLC,gerald95@thompson.com,71.5972509321058
20,Briggs PLC,zlewis@wong-young.com,64.5614570099021
21,Mendoza and Sons,bakerkaren@grant-roberts.com,80.59264473611897
22,Rodriguez-Henson,nmoore@jones-ochoa.net,56.97469303260209
23,"Lopez, Austin and Thompson",williambaker@rodriguez.com,64.6072324267609
24,"Miller, Ramirez and Anderson",brandy63@ramos.com,68.31809216468459
25,Pacheco-Rhodes,nlewis@mccoy.com,72.8034992108518
26,Johnson-Ross,eedwards@smith.com,89.25879806965068
27,Duarte-Hawkins,manuel51@armstrong-miller.com,59.98368910791799
28,Hanson-Morgan,robert12@hall-olsen.com,75.71172192068059
29,Barnett-Hayes,matthew83@welch-smith.net,79.62072844310212
30,Salazar-Williams,rbenjamin@jones.com,52.32252063599989
31,Martinez-Anderson,kaylee21@johnson-ramirez.com,80.37724259507192
32,"Bryant, Jones and Stewart",wphillips@lopez.org,58.526206184364575
33,Mercer-Dudley,thomascontreras@solis.org,53.25257964926398
34,"Patterson, Preston and Montgomery",reynoldsandrea@davis.net,97.44427686266667
35,Hess Group,robert47@vazquez.info,98.28160165372796
36,Dominguez-Chambers,collierallison@burke.com,90.41986740582306
37,Massey-Williams,ryanclark@acosta.org,65.23068845866854
38,Hansen-Elliott,hernandezlaura@dunn.biz,54.883605700319194
39,Hooper-Silva,vasquezerin@cameron.com,84.21165132560785
40,Austin LLC,michael39@jones-cook.com,72.00762468698007
41,Hawkins Ltd,kclark@perry-rose.biz,56.10191174223894
42,Petersen Ltd,hansenjenna@bowman.info,74.75884550556351
43,"Jensen, Vargas and Livingston",dgeorge@vasquez.com,51.71942605576092
44,"Jones, Sims and Terrell",manuelsanchez@ellis-scott.com,95.4660201039391
45,Gutierrez-Wilson,jonathon20@frost.com,62.93899908000085
46,"Johnson, Moore and Johnson",jeremiahjones@ramirez-tran.com,83.1261142176991
47,Rice-Williams,kgarza@fischer-turner.com,65.58555380447055
48,Horne-Bautista,angelawatts@lewis.com,76.00340105889055
49,Smith-Walsh,connie96@conner-thomas.com,77.33551396716399
50,Harrington LLC,katherinepierce@guerra.org,59.24272277627635
51,"Flores, Moore and Adams",preston69@johnson-harper.com,98.47923138822793
52,"Gomez, Guzman and Roberts",staceyjones@nelson.com,88.75664116805572
53,Walker Inc,elizabethcox@logan.net,96.97494707820945
54,"Cunningham, Mclaughlin and Carroll",johnsonbrittany@ortega.biz,94.74136752138244
55,"Wright, Morgan and Williams",michellepatterson@duke.biz,79.89499894055426
56,Watkins Inc,johnsonjeffery@horton-hernandez.com,96.09371175115584
57,Wright-Brooks,joshuareese@francis-franco.com,54.424625102595975
58,Holland-Davila,melissayoung@hernandez.com,59.79914312095726
59,Lee-Serrano,nicoleking@klein.com,52.2613644455269
60,"Erickson, Williams and Lane",destinymckee@jones-martin.org,66.26651653816322
61,Armstrong PLC,carrollemily@hunter.com,69.4338644844741
62,Crawford-Allen,dlam@bray.net,63.567451588694794
63,"Lee, Scott and West",klineandre@johnson-barber.com,91.43687545759647
64,"Johnson, Bullock and Robinson",bryanperez@richards.info,67.83766633467947
65,Johnson-Burke,elizabethhall@sanchez.org,64.04672548436903
66,Smith Group,qmiller@wilson-arnold.org,77.13480415791243
67,Smith LLC,coopermatthew@price.biz,57.04621124873813
68,Turner-Little,pamelaking@hernandez-sanchez.com,90.10984903770199
69,"Martinez, Lee and Bowen",ljacobs@michael-bell.com,53.727532183988544
70,Robertson-Glass,simpsonjames@miller-cardenas.info,99.34434683002587
71,Harris-Boone,carlossmith@smith-monroe.com,88.61223846483287
72,Herrera PLC,ramoszachary@sanchez-guzman.com,59.93578407670862
73,Wilson-Hickman,scott71@riley-holt.com,50.27610585618012
74,Johnson Inc,valdezzachary@swanson-hull.com,90.77307142274171
75,"Ramirez, Richard and Robertson",jenniferwalker@moon.biz,85.34286719238085
76,Ryan-Thomas,david79@flores.com,86.45035840204937
77,Warner-Ayala,joy45@wolfe-wright.com,88.56351733429729
78,Jones-Bell,diana09@acosta.com,53.70223258670452
79,Gardner Ltd,thomasheather@edwards-graham.biz,67.92328642721363
80,Rasmussen and Sons,mary00@blackburn.com,55.79345297625649
81,"Stokes, Parsons and Wilkins",figueroagabriel@wells.net,93.15517129377967
82,"Leonard, Bennett and Gentry",washingtonrandy@howard-brown.com,81.1649063413779
83,Valencia-Adams,starkleonard@flowers-jones.org,66.54490124263246
84,Becker-Young,xarnold@watson-miller.com,53.177917514301186
85,Mason-Clark,mullinslisa@leonard.com,65.54911608578311
86,Chapman-Barker,melissa62@herring.com,66.25916610133736
87,Terry-Clark,dustin16@hernandez.net,86.4803089169032
88,"Diaz, Robinson and Jones",kimrobert@wright.com,81.87787356776066
89,Jackson Inc,stephanie00@morgan.com,94.36063712881634
90,Stone Ltd,estradadebra@nicholson.com,73.61074625809746
91,"Fowler, Sims and Andrews",kendra15@barrett.info,55.97971229691508
92,"Walker, King and Benjamin",hunterronald@torres.com,85.66223936114974
93,"Welch, Griffin and White",sheilaortega@williams.com,88.03925243084487
94,Newman-Cunningham,jordan55@morrison.info,78.06385987847482
95,King-Huffman,amanda59@guzman-baldwin.com,88.54835899772806
96,Snyder-Hoffman,rossamanda@wheeler-carr.com,74.68977981821953
97,Perry LLC,lli@lewis.org,76.1366414690997
98,Randolph PLC,martinevan@smith.com,71.37705091792748
99,Meyer PLC,cartertracy@hayden.com,51.27095633720476
100,Thomas-Jenkins,nancymarsh@sutton-gardner.info,55.39457134966522
101,Lopez PLC,hleach@oliver.com,51.57145928433671
102,"Knapp, Crawford and Costa",johnhill@harris.com,81.82052056318902
103,"Quinn, Cooper and Smith",alanwells@davis.info,65.71779905381634
104,Lyons-Jones,zcalhoun@conway.com,75.42853455823514
105,Wright PLC,kimscott@johnson-wilcox.net,95.37832369630465
106,George LLC,ashley96@cantu.com,62.464611457443745
107,Marshall-Morgan,amymunoz@paul-adams.net,70.51914615178148
108,Morales-Jacobs,scottperez@mayer-sanders.com,87.77755692715243
109,Randolph PLC,uwhite@stanton.net,61.43990827458112
110,Franklin-White,jorge55@porter.com,53.84899549143965
111,Martinez PLC,deckertiffany@taylor.info,64.4875726456884
112,"Ross, Pollard and Green",williamserin@sanders.info,58.06106436270022
113,Myers LLC,stephanie20@lopez.net,96.48488261712865
114,Williams-Johnson,ublackwell@drake.org,90.40601897822086
115,"Villegas, Underwood and Tanner",tylerphillips@cummings.com,81.67018782552117
116,Gibson-Fields,nancywilliams@clark.com,93.57302950938589
117,"Bradley, Cobb and Berg",annettebaker@moore-brown.com,90.18360384495573
118,"Ramos, Estrada and Williams",chris65@pratt-andrews.com,59.32850294430179
119,"Jones, Salazar and Maxwell",rebeccamorton@robinson-perkins.org,94.62794992449889
120,Stone Ltd,robinbrady@houston-olson.info,76.96711209578254
121,Holland and Sons,hpope@greene-stein.biz,90.37200775820313
122,"Arnold, Perez and Flores",margaret01@johnston.biz,94.80456499617466
123,Padilla-Delgado,sanchezmatthew@davis.com,65.90017374859319
124,Flynn PLC,reedjennifer@harris.org,55.50259622638384
125,"Richards, Mora and Wang",hzimmerman@rojas-mcmillan.com,61.39675812709709
126,Gonzalez Group,evelyn58@torres.com,71.35538943131282
127,"Scott, Rodriguez and Serrano",leonardkaren@walker.com,90.90073829612466
128,Porter PLC,torreslori@jackson.biz,93.03652916281717
129,Robbins-Thompson,stephanie13@stevens.com,50.34760652655954
130,Johnson PLC,tiffanyball@little-wilkinson.com,75.53736512887829
131,"Young, Casey and Warner",rebecca56@moore.info,70.87055015743894
132,Jensen Group,melissa27@parker-austin.com,61.105390523536514
133,Aguirre-Lawson,robert95@gonzales.com,55.99326836668414
134,Jones-Miles,stewartscott@white-arias.net,66.8807585701814
135,Vasquez-Powell,allisonpage@lyons.com,97.14548519562595
136,"Shepard, Evans and Gallegos",marygonzalez@black.net,66.16014660103777
137,Wilkinson Ltd,pacebrenda@stewart.info,75.9395310871683
138,"Hernandez, Pierce and Shannon",sjohnson@garrett-ball.com,85.15094794475888
139,"Martinez, Guzman and Griffith",tjohnson@rice.biz,68.1814801189647
140,Alexander and Sons,whitney00@jackson.net,98.58910413604804
141,Santos-Daniel,lisa97@bowman.info,98.12236474710556
142,Smith-Pierce,bbentley@hunt.com,62.58911479126821
143,Carr-Murphy,sandramorris@bradley.biz,74.86242529461927
144,"Smith, Avery and Miller",marcusmccarty@strickland-mendoza.com,65.04391549083849
145,Jones Inc,annelane@cruz.com,64.24202471887338
146,"Rodriguez, Cox and Wagner",heathernorman@weaver-jones.net,51.84434736772664
147,Kim Group,mcdowelljared@miller.net,80.47821669899484
148,Smith-Roberts,joseph95@byrd.com,75.13395116144308
149,"Moyer, Hanson and Dougherty",michael41@munoz.info,52.57393756249947
150,"Williams, Proctor and Thompson",mollydillon@schwartz.com,63.93232321183057
151,"Liu, Lucas and Lang",jonathanmatthews@wade.com,95.41329429833269
152,Hernandez Group,lewisvanessa@griffin-west.net,61.978094533348624
153,Brown Ltd,asnyder@cobb.net,57.24474360456115
154,"Tanner, Hughes and Wagner",buckcarl@zamora.biz,74.47263801387815
155,"Santana, Morgan and Bradley",tyler97@brown-hall.com,99.28252270553003
156,Clarke PLC,robertbuckley@bennett-ellis.com,62.10276357557502
157,"Lewis, Mitchell and West",coxian@gordon.com,83.60677737029393
158,Tyler-Montes,michaeldelgado@nichols.com,88.08098076643589
159,Sims Group,samanthabarrett@hanson.com,61.881877199619986
160,Parker Group,xallen@elliott.biz,86.41081743059297
161,Gonzalez-Rosario,vangvincent@parks.biz,68.38915663596266
162,"Shelton, Gutierrez and Norman",stewarteric@richards.com,81.61529152967897
163,Taylor-Garcia,dweaver@lindsey.biz,81.67648553804473
164,"Hill, Salas and Burgess",johnsonpatrick@peterson-dixon.info,76.78873420373793
165,"Sanchez, Adkins and Carroll",richardfisher@reed.com,54.51448850272041
166,Williams Inc,jonathan32@dougherty-johnston.org,91.7651247794619
167,Lopez-Barber,stephenhenry@rogers.com,66.0390032485868
168,Johnson-Taylor,carlsonkurt@ortega-cherry.net,59.32592551999271
169,Harrell-Young,brittanyrhodes@baxter.net,52.0387570777382
170,Owen Ltd,lmitchell@barrett-donaldson.com,79.5446471594121
171,Ryan-Thompson,traceyferrell@hughes-johnston.com,83.87821809211411
172,Ruiz Ltd,rogersdana@walters.biz,50.829391446392805
173,"Malone, Evans and Ballard",lewisjohnny@roberts-hunt.com,75.60465291496405
174,Lutz-Henderson,kochchristopher@krueger-watson.com,61.3247887598969
175,Taylor Group,acarter@douglas.biz,82.25863952047249
176,Carlson Inc,pbradley@patton.net,58.718321450249576
177,Johnson and Sons,jonesbrandon@jackson-nicholson.com,84.5468869051233
178,Wilson Group,daniel45@hernandez.com,69.33676731502686
179,"Norris, Moore and Vazquez",marc21@roberts.org,96.83649943683673
180,Garcia Inc,jsteele@gaines.com,56.87604720729966
181,Foster-Lynch,twatkins@robinson.info,67.05331755251292
182,Alvarado Inc,boothjose@smith.org,55.67367606202946
183,"Bartlett, Spears and Diaz",michelle59@lopez.info,96.23468091392814
184,Pena-Saunders,walter95@beard-vaughn.com,93.86696766904905
185,Simpson-Bryan,vdavis@scott-willis.com,62.89708138575778
186,Hall-Hughes,shanelee@adams.net,82.99920230170895
187,"Adams, Peterson and Brooks",randywong@sanchez.com,90.8611100100608
188,Wilson-Bell,jamie48@gibson.com,77.76004057997312
189,Bennett and Sons,gbarnes@wright.biz,76.48252891780032
190,Turner-Bennett,travisweber@black.com,62.092614545022585
191,Richardson-Garcia,meredithbrown@hawkins-jordan.com,54.65513839029496
192,"Martin, Reed and Wood",cheryl79@robbins.net,94.86078789766634
193,"Brock, Perkins and Matthews",david28@martinez-estrada.info,95.02090285816652
194,Boyd Group,mary13@williams-blackwell.org,81.65507286366339
195,"Terry, Hudson and Johnson",hernandezkristina@harris-mills.com,66.95148955243504
196,"King, Williams and Johnson",jaclynhamilton@clarke-randall.com,67.46047873063304
197,"Wheeler, Woods and Santiago",kevinreyes@day.com,86.29778394351197
198,Aguilar Ltd,yangrachel@edwards.com,94.85551299762886
199,Cook-Howell,jason15@hernandez.com,94.35432121325587
200,Martinez PLC,tonymarquez@brown-singleton.com,88.99377729288119
201,Ford and Sons,millerjennifer@wilson.com,82.10158230771438
202,Grant LLC,dhill@benson.org,54.206998249752445
203,Garcia-Barnett,ywilson@mendoza-haynes.info,58.08143570473069
204,Chavez Ltd,gloversara@martin.com,94.92770942635397
205,"Morales, Glover and Sanford",vsanchez@jones-ferguson.com,80.3214529829795
206,"Santana, Vega and Vang",kylie40@morgan.com,50.45985258083148
207,Hill Inc,carrie49@wilkerson.com,55.073577143301605
208,"Wright, Martin and Hughes",tiffany74@edwards-nguyen.com,83.1750884554028
209,Hansen-Cox,hhenderson@ramsey.com,50.253079192310935
210,Diaz Group,mahoneyashley@brown-cook.biz,58.04040257087493
211,Jackson PLC,dbrown@hansen-price.com,77.4366894683293
212,Andrews Group,garciagilbert@taylor.com,84.59475988463467
213,Scott-Wright,mooreemily@ellis.net,82.59806297513003
214,Garcia-James,terri88@cooper-luna.com,61.21346547302799
215,"Chavez, Bailey and Moody",lopezcharles@greene.net,85.6089610673768
216,Mayo-Riley,dmurray@salinas.biz,61.862454374840006
217,Mann and Sons,nathanwatson@potter-reid.info,66.26998490796339
218,"Shea, Nelson and Smith",iwells@robertson-liu.biz,87.32457025590121
219,Oconnor LLC,kenneth44@herman-gonzalez.com,82.48164495236074
220,Smith-Torres,doughertyjoshua@prince-sullivan.com,92.4611705247089
221,Jordan-Hernandez,handrews@franco.com,82.88064461501716
222,Todd-Cortez,samuel78@watson.biz,78.41543016677358
223,Gross Group,monica86@hodges-foster.com,54.683738391404624
224,Frank-Anderson,haleyjames@mueller.com,68.38579015297168
225,Taylor-Chavez,smithmichael@wallace.net,63.26011838408627
226,Lopez Inc,tiffany65@scott.com,62.19948216895418
227,"Cooper, Wood and Carter",boydmadison@howard-wilkerson.com,98.65052773762227
228,Doyle-Hale,andrecox@saunders.com,69.65488623333802
229,"Bailey, Phillips and Riggs",robersonjennifer@anthony-richardson.com,94.60232775885567
230,Parker Ltd,dcurry@martinez.net,81.55693129986315
231,Burnett Inc,upitts@mccarthy.com,89.74056517708243
232,"Tucker, Bridges and Burns",heather41@fry.com,75.1318546552596
233,Love Group,kaitlinashley@gill-cabrera.com,78.84519423131795
234,"Lawson, Morris and Johnson",williamsjohn@james.net,74.6258846909432
235,"Sherman, Horn and Lee",tconley@gomez.com,59.76214938990223
236,"Jones, Cox and Williams",grantdonald@paul-smith.net,86.12260576307526
237,Gross-Lewis,brent07@kelly.biz,64.03861812204279
238,"Hatfield, Carter and Andrews",dillonanthony@lopez-stewart.com,51.21579832157269
239,Harris and Sons,prichardson@hopkins-shepard.org,82.27361479535838
240,"Evans, Park and Benton",howardjoann@molina.info,58.85553397035245
241,"Patel, Cordova and Black",ltodd@coleman.biz,97.02292921764572
242,Wilson-Byrd,ianderson@ortiz.biz,97.69642885012937
243,Knox Inc,iellis@salas-burns.com,95.74321951102243
244,"Gardner, Payne and Kennedy",mcunningham@page.info,68.50793501277222
245,"Ramos, Young and Ramirez",denise53@estes.com,50.77283082644337
246,Berry PLC,tuckerpreston@maldonado.org,96.41592812938626
247,"Olsen, Evans and Hall",lawrencereynolds@bell.com,71.40920741586572
248,"Mcgee, Martinez and King",michaelhill@thornton.com,98.33274095218349
249,Ramos PLC,kreynolds@hood-white.net,98.18099885446264
250,Ritter-Rice,peter10@george.com,92.650472773368
251,"Jensen, Garza and Gaines",wisejustin@bailey.info,64.72244460347929
252,Richmond Ltd,gwall@mclaughlin.com,69.25488643009626
253,"Coleman, Tucker and Ford",bsmith@jenkins.net,92.55683357584284
254,Stephens LLC,cobrien@jones.com,65.84610025781389
255,"Martinez, Mejia and Clark",carlagrant@rodriguez-riley.net,58.474637334304624
256,Archer Ltd,gabrielbush@miller.com,77.84006312291751
257,Walters and Sons,kyle69@johnson.com,96.80773870803904
258,"Hall, Lewis and Frazier",pameladavis@lindsey-haynes.com,84.80148983374865
259,Johnson and Sons,toddclark@lee.org,78.50305850446824
260,"Gutierrez, Miller and Williamson",hherrera@bowman.info,54.85882468853843
261,"Harris, Klein and Lopez",jason66@melton-johnson.com,80.75036133495848
262,Elliott-Fisher,gibsontammy@fletcher-middleton.info,99.50269250521316
263,"Pearson, Johnson and Hayes",jamescampbell@carrillo.com,57.0042007618262
264,Mathis-Krause,timothy44@randolph.com,75.91648261818683
265,"Mccoy, Campbell and French",bruce89@gonzales.com,93.86865359639776
266,James and Sons,bradleybryan@sanders.com,87.03843088771022
267,Cook-Humphrey,qphillips@cameron.com,84.8507870497634
268,Kline Inc,philliptaylor@coleman.org,85.12420419935546
269,Powell-Evans,facevedo@atkins-bautista.com,67.97455756098776
270,"Simon, Martinez and Foster",pricejessica@hunter.net,64.67959221322467
271,Hogan-Richards,justinortega@roman-reed.info,90.46805777392568
272,Atkinson Inc,brandi52@foster-thompson.com,90.50566973395904
273,"Pacheco, Sims and Stone",drios@baker-johnson.com,93.35361592900519
274,"Wolf, Warren and Molina",gbaker@edwards-snyder.com,95.66202762782356
275,"Rangel, Mercer and Warner",fmitchell@compton-garcia.com,75.56711994304689
276,Kelly-Rodriguez,osantiago@davila.com,75.07581473435998
277,"Thompson, Jackson and Andrews",richard43@gonzalez.com,89.91475894833876
278,Johnson-Barrett,gdavis@dougherty.net,82.49819653888827
279,Martinez-Clarke,lauramarquez@weaver-olson.com,85.09834386288517
280,Bolton Group,samantha14@williams.biz,89.78963347180505
281,"Harris, Ross and White",hensleychristopher@nash.net,94.50026709087831
282,"Williams, Kemp and Henson",rachel83@turner-young.net,66.89975784257679
283,Flores-Weeks,stanleydouglas@mays.com,68.7791476319972
284,Mccormick LLC,jacqueline01@day.com,54.69909699204345
285,Marks-Jones,johnsontanya@green.net,78.9140070498087
286,Randall Inc,ehinton@berg-potts.net,51.797113689837104
287,"Copeland, Campbell and Butler",canderson@gilbert.com,73.27990090662301
288,Mata Ltd,angela98@carter.com,77.13223173537884
289,"Williams, Ramirez and Curry",harellano@rose-gomez.net,64.32706260641422
290,Wilson-Bennett,melissamorris@drake-stewart.info,79.54166302845053
291,"Mann, Herrera and Warner",jasonsanders@smith.com,51.52501249695247
292,"Donovan, Mason and Hayes",lukebarber@baxter.com,51.86740943746072
293,Jackson Group,ashley85@ellis-osborne.com,91.13002803298292
294,"Oneal, Brown and Jensen",rflynn@brown.com,68.00953207056314
295,Rodriguez-Franklin,anthony67@contreras-williams.com,56.35302563259424
296,Evans-Howard,lisarosales@romero.com,76.11216300274022
297,Evans-Salinas,scottjoy@kennedy-marshall.com,88.49967765493054
298,Davis Ltd,wendypruitt@hill-hays.com,60.791051374842155
299,Webb Inc,rvalenzuela@mckinney.com,81.14452379095002
300,Turner-Ellis,gabrielle32@yang.com,54.2673732496884
301,Mendez-Wheeler,murphywendy@flores.org,52.58408605843039
302,"Jones, Fitzgerald and Dixon",jdunn@allen.com,76.5677315784074
303,Anderson and Sons,morganlisa@brown.info,77.03175608050532
304,Neal-Lopez,lallen@mullen.info,81.87149507491033
305,"Norris, Lucas and Paul",nbaker@brown.net,86.30456668613309
306,"Rivera, Ingram and Anderson",qhamilton@wells.com,98.79260397312673
307,"Becker, Young and Blankenship",nbaker@mcguire-serrano.com,75.81501741505977
308,"Turner, Madden and Cook",kelseymarsh@kidd.biz,66.1478236470623
309,Lee Group,kimberly16@cohen-yu.com,89.75930973843518
310,Holloway and Sons,emilyrhodes@perry-proctor.com,63.54161256310371
311,Wheeler Ltd,alisonbaker@owens.com,71.9485710352818
312,Williams-Sanchez,smithmelanie@herrera.com,53.922819067113295
313,Young LLC,bowendylan@bailey-gallegos.com,51.267537170772876
314,Fuller Group,james21@blankenship.org,98.13242073389625
315,Rhodes Group,meyermelissa@osborne-hicks.biz,91.79900602561028
316,"Nguyen, Vargas and Fleming",angelamorgan@dillon-perez.com,84.7987103046849
317,"Ford, James and Marks",rmorgan@rasmussen-colon.org,70.44764722071349
318,"Dean, Allen and Erickson",aaronramos@maynard.com,58.66471600354229
319,Robertson-Miller,christine25@pollard.com,57.8218521335543
320,"Thornton, Wilkerson and Arias",susan17@jones.biz,62.512144908229764
321,Lopez-Robertson,amandaruiz@adams-baker.net,77.46133323530603
322,"Young, Hampton and Hart",michellekrause@anderson.net,85.72979613500311
323,Peck-Marshall,lisa02@williams-hubbard.com,83.00986883588656
324,Glenn Group,noblejennifer@baker.com,63.99669484729714
325,Jordan-Sandoval,jacobsmith@jackson.biz,97.7432640331597
326,"White, Torres and Colon",agarcia@aguirre.com,86.89484583478843
327,Grant Ltd,earl59@robinson-taylor.com,77.71770262557004
328,"Howard, Boyle and Holland",christinawilson@garcia.org,80.5860373117176
329,Ballard-James,herickson@banks.info,70.9800031213895
330,Jackson-Branch,smithjacob@murray.com,62.386549475057876
331,"Stephens, Williams and Oliver",michael82@sutton-lowe.com,67.79863393256308
332,"Aguirre, Myers and Hanna",daniel64@mitchell-james.com,87.89230552321845
333,Flowers PLC,hardynicholas@johnson.com,50.719674431487796
334,"Cohen, Rollins and Walker",tmartinez@garcia-james.com,55.80363202534581
335,Mcguire-Stevenson,denise91@ward.info,52.30013210108764
336,"Woods, Moran and Morton",josephbeard@simpson.com,52.03644011594851
337,Moreno-Rogers,riggshannah@warner.info,92.77302920055035
338,"Johnson, Ellison and Barnes",carrollrobert@mcclain.com,85.18289296900119
339,"Cline, George and Kim",bryce42@carrillo.com,73.70869145436626
340,Webb and Sons,imurphy@arnold.net,54.89170803255007
341,Rodriguez PLC,adamferguson@wong-mendoza.com,74.58079375584163
342,Harris Group,gallen@bell-bradley.com,73.67358853902829
343,"Hawkins, Harper and Rodriguez",shepherdjonathan@king.net,58.66009349550076
344,Leonard-Obrien,kimmelissa@boyle-jordan.com,71.69258246189865
345,"Dominguez, Stone and Lewis",brandon51@moore.com,69.92523671986868
346,Elliott LLC,edavis@jordan-russo.biz,80.79250490261083
347,Hodges-Montgomery,abarrett@martinez-kerr.net,81.75468254338219
348,"Hubbard, Henderson and Franklin",robertsbriana@martinez.net,52.265200488602225
349,"Frey, Haney and Sweeney",zle@williams.info,68.73063073132356
350,"Price, Bradley and Cantrell",zwest@cox-morris.org,81.29299578571182
351,Pollard and Sons,barbaraleonard@gillespie-adams.org,75.15681292900439
352,Sparks-Davis,martinezcrystal@briggs.com,92.82449205941612
353,Singh-Henry,bakeramanda@carrillo.com,82.93468158094726
354,"Mcconnell, Rodgers and Small",asilva@guzman-larson.info,58.14672135407149
355,Watson-Heath,mbrown@wolfe.com,53.52843737002149
356,Bradford-Martinez,mercadotyler@jacobson.com,82.12096391031578
357,Miranda Ltd,thomaswhite@peters.info,51.32556552708109
358,"Thompson, Brown and Scott",brianestrada@moore.com,79.28877906367316
359,"Proctor, Crawford and Robinson",tara14@lee.com,97.01151207124788
360,"Morris, Whitehead and Charles",thomas35@scott.com,78.77370889379395
361,"Simpson, Wood and Adams",swalls@mendez-rodriguez.com,69.4084963103261
362,"Ortega, Huerta and Rodriguez",annette10@dunn.com,82.16441092211767
363,"Richardson, Patton and Moreno",julian17@duran.net,72.91264452457582
364,Burns-Clark,patricia82@cowan-hess.net,77.28083946579675
365,Evans Ltd,cassandra67@maynard.com,97.07324043882626
366,Sparks-Perez,gloria63@miller.net,69.30513189003871
367,Griffin Group,rtorres@wade.com,98.05952819119571
368,Washington Ltd,manningwilliam@day-singh.com,95.26753209780318
369,Barnes Group,keithbeard@robinson.com,59.78955673946482
370,Cruz Inc,joshuabrooks@obrien.info,53.46806504375827
371,Mcmillan-King,andrewkrause@white.com,55.038900068871335
372,Tate Inc,kevin25@long.com,50.91109128257749
373,Delgado Ltd,daniellereyes@hartman-harris.com,54.72214803779642
374,"Boyle, Roth and Jackson",yreed@patel-leach.com,84.15033867081785
375,Meyers-Smith,abowers@phillips.biz,53.55943242301145
376,Paul Group,kjefferson@rhodes-gonzalez.com,65.94878151468806
377,Garcia-Brown,davisjennifer@white.com,92.24376554847274
378,"Thompson, Moran and Harvey",pbrown@hayes.com,51.163596786791295
379,"Olsen, Green and Marsh",keithdanielle@garcia-mayo.com,90.72342412944678
380,Ross-Mccormick,shaneparsons@graham.com,64.09273873867
381,"Nelson, Reyes and Buck",maureenwilson@brown.com,55.90824138108281
382,"Martinez, Fuller and Burke",james38@white.com,84.83685826820754
383,Jones Group,gmcneil@sanders.com,81.4471423389942
384,Shepherd-Hodges,chelseapacheco@medina.com,93.87360067635265
385,"Johnson, Johns and Harris",joanna34@meadows-johnson.com,86.75355219019428
386,Farrell Ltd,joshuaedwards@garcia-white.com,90.17404651924244
387,"Malone, Lindsey and Silva",ujohnson@ramirez.org,64.10172862856533
388,"Harris, Brown and Rojas",ahenderson@rodriguez-moore.org,58.87197718898614
389,"Kelly, Morales and Chavez",jimenezcarol@taylor.net,87.53073758204292
390,Kirk and Sons,carl41@jacobs-parker.com,90.3417369633632
391,Harris Group,eric83@johnson.com,99.52525710003366
392,Harris-Brown,udavis@moss.biz,70.63088384557133
393,"Fitzpatrick, Robinson and Ward",vtran@rodriguez.info,68.60090428963916
394,Williams-Rogers,mckayerika@noble.com,88.82064803709984
395,Kim PLC,toliver@morrow.com,67.0401770126509
396,Barr LLC,hmoore@harper.com,96.53786628017824
397,Campbell Group,lindsaymartin@mata.net,92.9206375921506
398,"Murray, Young and Burton",lance04@allen-wilson.com,71.44970136875092
399,Lucero PLC,iboone@johnson-collier.com,87.54355338957487
400,Stewart LLC,christinekramer@little.com,87.72714370423412
401,"Nixon, Mitchell and Patrick",willieellis@wagner.org,55.15619344179663
402,"Schneider, Combs and Delgado",jonathanmeyer@bell.biz,95.12764533397834
403,Cook-Pitts,dannywalker@turner.net,75.26261862239286
404,Richards-Moon,leslie99@johnson.biz,91.32287330538708
405,Moss Ltd,jenniferromero@garza.com,66.00248005153058
406,Berry-Jenkins,mbaird@johnson.org,94.77616142481003
407,"Reynolds, Morton and Garcia",grichards@jones.org,69.46008393670816
408,Gordon-Wilson,ckline@le.com,50.54188257401492
409,"Bennett, Johns and Estes",amyjohnson@nelson-hayden.com,95.26909882096318
410,Butler-Taylor,xknapp@alvarez.org,54.56433383930668
411,Larson-Johnson,williamsjohnny@jackson.com,65.96568187952074
412,Martinez-Johnson,sandrastein@powell.com,97.50309835254025
413,Serrano-Mendez,hpotts@morgan.com,97.5303573468778
414,Sherman-Spencer,alexander31@atkinson-mcknight.com,78.67189440616431
415,Edwards-Morris,christina88@nelson-clarke.com,81.59186060848997
416,Meyers-Yates,david41@garcia.com,72.42227609891599
417,Wilson-Smith,melissa85@knox-baker.com,64.66053858490322
418,Adkins-Gonzalez,amandabowen@marquez.com,66.4332272684958
419,Anderson-Smith,renee92@klein.com,83.62592280385192
420,Beard Group,jacksonkelsey@barrett-tucker.com,87.618726471884
421,Zuniga PLC,fordandrea@martinez-holt.com,89.57895218629243
422,Pena-Foster,kcampbell@mcdaniel.com,89.48090713972769
423,Mullins-Perez,annamorrison@petersen.info,54.560305152434516
424,"Griffin, Cobb and Melendez",richard43@walters.com,74.72101523512907
425,"Cabrera, Bennett and Sanchez",ynelson@barron-davenport.com,52.877938000832216
426,Wade Group,elizabethlopez@perez.com,77.47644411618677
427,Dorsey PLC,matthew02@pena-walsh.com,72.07652506866884
428,"Patrick, Martin and Taylor",egreer@yu.com,94.38520913791498
429,Lewis and Sons,uwilliamson@barnes.net,67.54575062760394
430,Harvey Inc,lisa46@ford.com,55.853350821380296
431,Kelly PLC,yorkshawn@fletcher.com,57.149584102641796
432,Brown-Green,john99@watson.com,88.07553158587362
433,"York, Rosales and Hines",zachary03@morgan.com,80.91090316581305
434,"Hoffman, Castillo and Sanchez",cynthia17@morrow-king.info,55.05613380613951
435,Roberts Ltd,bashley@henry.info,54.20534030574987
436,Cherry-Flores,sherry36@cordova.com,85.048456572956
437,Smith-Pham,melanie45@burch.com,53.638150318209675
438,Jones Ltd,summersjared@hancock.biz,91.09300296451781
439,Hill LLC,bblack@sims-collins.com,85.31211135782482
440,"Carter, Weiss and Guerrero",casekevin@wade.biz,54.06743903209499
441,"Curry, Brown and Holmes",jenniferwheeler@mcguire.com,54.241885704259595
442,"Sanchez, Scott and Griffith",sday@price.com,99.33197892505876
443,Bailey LLC,laurenwebb@porter.com,68.71353978780601
444,"Taylor, Williams and Richard",leachrachael@sims.com,68.53210735334454
445,"Edwards, Mathis and Martin",sgarcia@green-weaver.com,90.63997836287513
446,"Armstrong, Jones and Lane",joseph78@miller-houston.com,97.36242886919294
447,"Davis, Shelton and Price",charles65@sanchez.com,99.30005319114355
448,Harris Group,salasheather@rivera.com,87.66890926294708
449,Dixon-Jefferson,ryan16@davis.com,68.81297927654579
450,"Perez, Garcia and Mccormick",keithmay@becker.com,54.17503583493344
451,"Smith, Randall and Martinez",richard74@love.net,88.85734579637185
452,"Andersen, Cisneros and Nielsen",johnfischer@carter.com,77.92021248679025
453,Gomez and Sons,conniejohnson@love.com,71.21110046234881
454,Young and Sons,ryan44@nolan-rice.com,95.3177192547368
455,Davis Ltd,paul72@bradley.com,55.559874115307565
456,"Gomez, Ochoa and Nelson",williamsantiago@wheeler.com,74.63125521454296
457,"Chapman, Mccall and Francis",michaelgarza@brown.info,50.567682238370956
458,Gaines-Franco,jeanhenson@hawkins.info,73.43303209970631
459,Santos-Callahan,aallen@benson.org,52.815163784091865
460,Rice-Joseph,morrowsara@wright-boone.com,55.9408958134036
461,"Winters, Cortez and Smith",vhart@lopez.com,55.87631233885524
462,Butler PLC,olsonsteven@berg-cook.net,82.46051510580318
463,Flores-Lucero,ymorgan@taylor-gould.com,87.30224396327117
464,Frederick-Sanchez,troybutler@coleman-weaver.net,79.16843825485799
465,Hicks PLC,tanyaball@allen.biz,98.10862742372709
466,Rodriguez PLC,katherine90@adams-powers.com,68.7435289761852
467,Warren-Pearson,catherine83@mann-wood.com,64.28560431409304
468,Barron-Lewis,zbarber@smith.com,93.42995640947302
469,"Calderon, Fisher and Dillon",ortegaphilip@bennett.info,61.17979192597263
470,Martin Inc,mariamartinez@kelley.com,98.16112697203056
471,Wilkinson PLC,robertsjacob@wyatt.net,50.60772373449082
472,Li-Baker,donna48@johnson.com,98.49394133538195
473,"Taylor, Hanson and White",carriejohnson@jennings.com,52.1579955975288
474,Reed-Ray,ggarcia@russo.com,94.55715568490356
475,Parker Group,rosscourtney@benton.com,76.385055454315
476,Peters-Nguyen,ybailey@fischer.com,99.64823980596502
477,Sharp-Cook,steven31@richardson-martinez.com,53.68982823676994
478,Shaw Inc,hatfieldkayla@white.net,77.69271422006604
479,Walker-Pope,pedwards@reeves-olson.com,98.46512678095495
480,Williams Ltd,qsandoval@young.org,76.15489220850745
481,"Brown, Evans and Carr",erikathompson@lewis-patel.com,81.46993190676312
482,Wyatt-Hernandez,nicole16@smith.net,84.78743444923086
483,Barajas-Cobb,john64@turner.biz,72.72705323838866
484,Green PLC,lluna@knight.com,81.37790400420317
485,Saunders PLC,derrickarias@franklin.com,79.21571559615501
486,Smith-Short,crystal60@fisher-jensen.com,95.05790052454944
487,Mckee PLC,rthomas@gibson.org,52.272319017072896
488,Smith-Hill,melissalee@schroeder.com,64.04815947961151
489,"Walker, Sullivan and Coleman",juliesimmons@guzman.info,97.52057420382793
490,Miller-Lamb,jon14@castro-jenkins.com,94.51318919454582
491,Williamson Inc,harveyjohn@ford-warren.com,72.78283763928565
492,Coffey LLC,ukelley@martin-williams.com,81.00662989007684
493,"Smith, Hunter and Calderon",jarviskatie@velasquez.com,63.86905914905663
494,Brown Ltd,michele73@barnes-lopez.com,59.40605798618807
495,Miller PLC,leachjoshua@church-gibbs.net,73.18492024699911
496,"Nichols, Ramsey and Morales",smithnicole@baker.com,67.66761140130264
497,Hampton-Campbell,pnorman@johnson-avila.com,79.1828055925436
498,"Tran, Russo and Bass",xdelgado@brown.info,53.88673184824924
499,"Watts, Nguyen and Rosales",brandonjennings@lara-baker.com,98.71974038330833
500,Mitchell Inc,sullivanphilip@rodriguez.info,99.31053722398013
